{
  "heat_score": 0.0,
  "heat_multiplier": 1.0,
  "correlation_matrix": {
    "BTC:ETH": 0.2793,
    "BTC:SOL": 0.2406,
    "BTC:XRP": 0.1823,
    "ETH:SOL": 0.3685,
    "ETH:XRP": -0.4237,
    "SOL:XRP": -0.5173
  },
  "price_history": {
    "BTC": [
      [
        1781292631.424115,
        63708.01
      ],
      [
        1781292917.102135,
        63644.64
      ],
      [
        1781294146.4200745,
        63606.9
      ],
      [
        1781295322.3672495,
        63580.24
      ],
      [
        1781295327.7373922,
        63574.01
      ],
      [
        1781297121.1386406,
        63515.64
      ],
      [
        1781297127.8664355,
        63510.0
      ],
      [
        1781298936.292719,
        63613.18
      ],
      [
        1781307022.4090102,
        63453.31
      ],
      [
        1781312415.226894,
        63605.67
      ],
      [
        1781314220.5658612,
        63660.09
      ],
      [
        1781314525.480357,
        63649.64
      ],
      [
        1781314528.5836136,
        63649.64
      ],
      [
        1781315121.2977026,
        63782.02
      ],
      [
        1781315124.9772632,
        63781.96
      ],
      [
        1781315418.906647,
        63802.42
      ],
      [
        1781315714.6984026,
        63810.4
      ],
      [
        1781316011.3599877,
        63837.89
      ],
      [
        1781316012.5093834,
        63834.68
      ]
    ],
    "ETH": [
      [
        1781292615.8736067,
        1669.68
      ],
      [
        1781293839.7502077,
        1666.92
      ],
      [
        1781295026.9322765,
        1664.66
      ],
      [
        1781295319.3543434,
        1666.63
      ],
      [
        1781303434.7940192,
        1664.92
      ],
      [
        1781304021.3020732,
        1662.14
      ],
      [
        1781304320.1137695,
        1662.47
      ],
      [
        1781304320.4155805,
        1662.05
      ],
      [
        1781305220.9726346,
        1662.29
      ],
      [
        1781305221.5454779,
        1662.29
      ],
      [
        1781307022.2515564,
        1662.01
      ],
      [
        1781307030.7554762,
        1662.02
      ],
      [
        1781307618.5645132,
        1663.86
      ],
      [
        1781308529.079207,
        1665.95
      ],
      [
        1781309128.3959568,
        1665.77
      ],
      [
        1781313019.8246968,
        1668.91
      ],
      [
        1781314220.2607937,
        1668.28
      ],
      [
        1781315714.8391423,
        1674.16
      ],
      [
        1781316018.7973816,
        1674.2
      ],
      [
        1781319321.3520308,
        1666.44
      ]
    ],
    "SOL": [
      [
        1781291135.6218517,
        67.14
      ],
      [
        1781292928.629443,
        67.05
      ],
      [
        1781294151.3724394,
        66.71
      ],
      [
        1781294434.2085748,
        66.78
      ],
      [
        1781295317.6454694,
        66.73
      ],
      [
        1781296229.32449,
        66.7
      ],
      [
        1781297125.5723865,
        66.75
      ],
      [
        1781298031.8846252,
        66.67
      ],
      [
        1781301031.9903169,
        66.66
      ],
      [
        1781303426.5802846,
        66.68
      ],
      [
        1781303434.9300027,
        66.67
      ],
      [
        1781304315.2670286,
        66.56
      ],
      [
        1781304323.1059964,
        66.55
      ],
      [
        1781305220.8661199,
        66.63
      ],
      [
        1781305229.2289371,
        66.62
      ],
      [
        1781306121.747905,
        66.58
      ],
      [
        1781307617.420939,
        66.7
      ],
      [
        1781308529.6639056,
        66.8
      ],
      [
        1781308837.729983,
        66.84
      ],
      [
        1781309415.6117814,
        66.84
      ],
      [
        1781310376.1953728,
        67.02
      ],
      [
        1781312431.3433943,
        67.01
      ],
      [
        1781312436.7769685,
        67.01
      ],
      [
        1781312720.208043,
        67.06
      ],
      [
        1781313331.738927,
        67.15
      ],
      [
        1781315118.8690226,
        67.37
      ],
      [
        1781315418.5319693,
        67.44
      ],
      [
        1781315713.9960897,
        67.43
      ],
      [
        1781316017.7459426,
        67.46
      ],
      [
        1781316020.2873921,
        67.46
      ],
      [
        1781319028.101004,
        66.9
      ],
      [
        1781319326.4259453,
        66.94
      ]
    ],
    "XRP": [
      [
        1781295024.521459,
        1.1308
      ],
      [
        1781295331.3094397,
        1.1312
      ],
      [
        1781300423.5421898,
        1.1349
      ],
      [
        1781301022.9736893,
        1.1326
      ],
      [
        1781301923.2932084,
        1.1297
      ],
      [
        1781304022.7893143,
        1.1299
      ],
      [
        1781304326.2475574,
        1.1296
      ],
      [
        1781305520.0565548,
        1.131
      ],
      [
        1781307626.0130625,
        1.131
      ],
      [
        1781308837.5640504,
        1.1326
      ],
      [
        1781312732.4898622,
        1.1361
      ],
      [
        1781313324.844416,
        1.1379
      ],
      [
        1781313638.6714466,
        1.137
      ],
      [
        1781315119.5469334,
        1.1387
      ],
      [
        1781315435.991224,
        1.1397
      ],
      [
        1781315714.5783923,
        1.1398
      ],
      [
        1781316016.7312064,
        1.1399
      ],
      [
        1781318726.9505384,
        1.1339
      ],
      [
        1781319028.5632737,
        1.1333
      ],
      [
        1781319318.0521588,
        1.1337
      ]
    ]
  },
  "update_count": 91,
  "last_updated": 1781319326.431252
}